Workbook

Sheet Overview
A1: ML-Powered Warehouse Operations Decision System
A2: Project by: Garvit Mittal
A3: Data Period: 2015–2018 | Project Completed: April 2026
A5: KEY BUSINESS FINDINGS
A6: # | B6: Finding | C6: Test | D6: Result | E6: Business Action
A7: 1 | B7: Warehouse is chronically understaffed | C7: Paired t-test | D7: p < 0.05 | E7: Hire additional staff immediately
A8: 2 | B8: Morning shift has highest throughput | C8: ANOVA | D8: F=89.93, η²=0.489 | E8: Schedule critical tasks in morning
A9: 3 | B9: Longer disruptions directly drive cost | C9: Correlation | D9: r=0.82 | E9: Minimize disruption duration
A10: 4 | B10: Duration explains 68% of disruption cost | C10: Regression | D10: R²=0.68, F=89.93 | E10: Focus on fast incident resolution
A11: 5 | B11: Demand stable at ~175 shipments/day | C11: Prophet Forecast | D11: 30-day horizon | E11: Plan 24 workers daily
A13: ML MODELS DEPLOYED
A14: Model | B14: Algorithm | C14: Performance | D14: Business Use
A15: Demand Forecast | B15: Facebook Prophet | C15: Trend + seasonality captured | D15: Daily staffing plan
A16: Risk Classifier | B16: XGBoost + Business Rules | C16: Hybrid scoring 0–1 | D16: Shipment risk alerts
A17: Throughput Predictor | B17: Gradient Boosting | C17: R²=0.874 | D17: Shift-level optimization
A19: TOOLS USED
A20: MySQL | B20: Database & SQL queries
A21: Python + Google Colab | B21: ML models & data processing
A22: R + RStudio | B22: Statistical validation & hypothesis testing
A23: Excel | B23: Executive dashboard & reporting

Sheet excel_forecast
A1: Date | B1: Forecasted_Shipments | C1: Lower_Bound | D1: Upper_Bound
A2: 42808 | B2: 166.38 | C2: 138.43 | D2: 194.56
A3: 42809 | B3: 167 | C3: 137.91 | D3: 195.25
A4: 42810 | B4: 167.61 | C4: 142.25 | D4: 196.88
A5: 42811 | B5: 168.51 | C5: 139.44 | D5: 198.54
A6: 42812 | B6: 167.93 | C6: 140.63 | D6: 195.71
A7: 42813 | B7: 167.85 | C7: 140.2 | D7: 194.53
A8: 42814 | B8: 167.33 | C8: 139.69 | D8: 193.75
A9: 42815 | B9: 165.23 | C9: 137.28 | D9: 193.14
A10: 42816 | B10: 166.52 | C10: 139.38 | D10: 194.07
A11: 42817 | B11: 167.82 | C11: 140.43 | D11: 194.49
A12: 42818 | B12: 169.43 | C12: 143.14 | D12: 196.35
A13: 42819 | B13: 169.56 | C13: 140.2 | D13: 198.4
... A31: 42837 | B31: 175.22 | C31: 148.33 | D31: 203.43

Sheet Demand Forecast
A1: 30-Day Demand Forecast
A3: Date | B3: Forecasted Shipments | C3: Lower Bound | D3: Upper Bound
A4: =excel_forecast!A2 | B4: =excel_forecast!B2 | C4: =excel_forecast!C2 | D4: =excel_forecast!D2
A5: =excel_forecast!A3 | B5: =excel_forecast!B3 | C5: =excel_forecast!C3 | D5: =excel_forecast!D3
A6: =excel_forecast!A4 | B6: =excel_forecast!B4 | C6: =excel_forecast!C4 | D6: =excel_forecast!D4
A7: =excel_forecast!A5 | B7: =excel_forecast!B5 | C7: =excel_forecast!C5 | D7: =excel_forecast!D5
A8: =excel_forecast!A6 | B8: =excel_forecast!B6 | C8: =excel_forecast!C6 | D8: =excel_forecast!D6
A9: =excel_forecast!A7 | B9: =excel_forecast!B7 | C9: =excel_forecast!C7 | D9: =excel_forecast!D7
A10: =excel_forecast!A8 | B10: =excel_forecast!B8 | C10: =excel_forecast!C8 | D10: =excel_forecast!D8
A11: =excel_forecast!A9 | B11: =excel_forecast!B9 | C11: =excel_forecast!C9 | D11: =excel_forecast!D9
A12: =excel_forecast!A10 | B12: =excel_forecast!B10 | C12: =excel_forecast!C10 | D12: =excel_forecast!D10
A13: =excel_forecast!A11 | B13: =excel_forecast!B11 | C13: =excel_forecast!C11 | D13: =excel_forecast!D11
A14: =excel_forecast!A12 | B14: =excel_forecast!B12 | C14: =excel_forecast!C12 | D14: =excel_forecast!D12
A15: =excel_forecast!A13 | B15: =excel_forecast!B13 | C15: =excel_forecast!C13 | D15: =excel_forecast!D13
... A33: =excel_forecast!A31 | B33: =excel_forecast!B31 | C33: =excel_forecast!C31 | D33: =excel_forecast!D31

Sheet excel_staffing
A1: Date | B1: Forecasted_Shipments | C1: Morning_Workers | D1: Morning_Pickers | E1: Morning_Loaders | F1: Morning_Forklift | G1: Afternoon_Workers | H1: Afternoon_Pickers | I1: Afternoon_Loaders | J1: Afternoon_Forklift | K1: Night_Workers | L1: Night_Pickers | M1: Night_Loaders | N1: Night_Forklift | O1: Total_Workers
A2: 42808 | B2: 166.38 | C2: 8 | D2: 4 | E2: 2 | F2: 2 | G2: 8 | H2: 4 | I2: 2 | J2: 2 | K2: 8 | L2: 4 | M2: 2 | N2: 2 | O2: 24
A3: 42809 | B3: 167 | C3: 8 | D3: 4 | E3: 2 | F3: 2 | G3: 8 | H3: 4 | I3: 2 | J3: 2 | K3: 8 | L3: 4 | M3: 2 | N3: 2 | O3: 24
A4: 42810 | B4: 167.61 | C4: 8 | D4: 4 | E4: 2 | F4: 2 | G4: 8 | H4: 4 | I4: 2 | J4: 2 | K4: 8 | L4: 4 | M4: 2 | N4: 2 | O4: 24
A5: 42811 | B5: 168.51 | C5: 8 | D5: 4 | E5: 2 | F5: 2 | G5: 8 | H5: 4 | I5: 2 | J5: 2 | K5: 8 | L5: 4 | M5: 2 | N5: 2 | O5: 24
A6: 42812 | B6: 167.93 | C6: 8 | D6: 4 | E6: 2 | F6: 2 | G6: 8 | H6: 4 | I6: 2 | J6: 2 | K6: 8 | L6: 4 | M6: 2 | N6: 2 | O6: 24
A7: 42813 | B7: 167.85 | C7: 8 | D7: 4 | E7: 2 | F7: 2 | G7: 8 | H7: 4 | I7: 2 | J7: 2 | K7: 8 | L7: 4 | M7: 2 | N7: 2 | O7: 24
A8: 42814 | B8: 167.33 | C8: 8 | D8: 4 | E8: 2 | F8: 2 | G8: 8 | H8: 4 | I8: 2 | J8: 2 | K8: 8 | L8: 4 | M8: 2 | N8: 2 | O8: 24
A9: 42815 | B9: 165.23 | C9: 8 | D9: 4 | E9: 2 | F9: 2 | G9: 8 | H9: 4 | I9: 2 | J9: 2 | K9: 8 | L9: 4 | M9: 2 | N9: 2 | O9: 24
A10: 42816 | B10: 166.52 | C10: 8 | D10: 4 | E10: 2 | F10: 2 | G10: 8 | H10: 4 | I10: 2 | J10: 2 | K10: 8 | L10: 4 | M10: 2 | N10: 2 | O10: 24
A11: 42817 | B11: 167.82 | C11: 8 | D11: 4 | E11: 2 | F11: 2 | G11: 8 | H11: 4 | I11: 2 | J11: 2 | K11: 8 | L11: 4 | M11: 2 | N11: 2 | O11: 24
A12: 42818 | B12: 169.43 | C12: 8 | D12: 4 | E12: 2 | F12: 2 | G12: 8 | H12: 4 | I12: 2 | J12: 2 | K12: 8 | L12: 4 | M12: 2 | N12: 2 | O12: 24
A13: 42819 | B13: 169.56 | C13: 8 | D13: 4 | E13: 2 | F13: 2 | G13: 8 | H13: 4 | I13: 2 | J13: 2 | K13: 8 | L13: 4 | M13: 2 | N13: 2 | O13: 24
... A31: 42837 | B31: 175.22 | C31: 8 | D31: 4 | E31: 2 | F31: 2 | G31: 8 | H31: 4 | I31: 2 | J31: 2 | K31: 8 | L31: 4 | M31: 2 | N31: 2 | O31: 24

Sheet Staffing Plan
A1: 30-Day Staffing Recommendation Plan
A3: Date | B3: Forecasted Shipments | C3: Morning Workers | D3: Afternoon Workers | E3: Night Workers | F3: Total Workers
A4: =excel_staffing!A2 | B4: =excel_staffing!B2 | C4: =excel_staffing!C2 | D4: =excel_staffing!E2 | E4: =excel_staffing!I2 | F4: =excel_staffing!O2
A5: =excel_staffing!A3 | B5: =excel_staffing!B3 | C5: =excel_staffing!C3 | D5: =excel_staffing!E3 | E5: =excel_staffing!I3 | F5: =excel_staffing!O3
A6: =excel_staffing!A4 | B6: =excel_staffing!B4 | C6: =excel_staffing!C4 | D6: =excel_staffing!E4 | E6: =excel_staffing!I4 | F6: =excel_staffing!O4
A7: =excel_staffing!A5 | B7: =excel_staffing!B5 | C7: =excel_staffing!C5 | D7: =excel_staffing!E5 | E7: =excel_staffing!I5 | F7: =excel_staffing!O5
A8: =excel_staffing!A6 | B8: =excel_staffing!B6 | C8: =excel_staffing!C6 | D8: =excel_staffing!E6 | E8: =excel_staffing!I6 | F8: =excel_staffing!O6
A9: =excel_staffing!A7 | B9: =excel_staffing!B7 | C9: =excel_staffing!C7 | D9: =excel_staffing!E7 | E9: =excel_staffing!I7 | F9: =excel_staffing!O7
A10: =excel_staffing!A8 | B10: =excel_staffing!B8 | C10: =excel_staffing!C8 | D10: =excel_staffing!E8 | E10: =excel_staffing!I8 | F10: =excel_staffing!O8
A11: =excel_staffing!A9 | B11: =excel_staffing!B9 | C11: =excel_staffing!C9 | D11: =excel_staffing!E9 | E11: =excel_staffing!I9 | F11: =excel_staffing!O9
A12: =excel_staffing!A10 | B12: =excel_staffing!B10 | C12: =excel_staffing!C10 | D12: =excel_staffing!E10 | E12: =excel_staffing!I10 | F12: =excel_staffing!O10
A13: =excel_staffing!A11 | B13: =excel_staffing!B11 | C13: =excel_staffing!C11 | D13: =excel_staffing!E11 | E13: =excel_staffing!I11 | F13: =excel_staffing!O11
A14: =excel_staffing!A12 | B14: =excel_staffing!B12 | C14: =excel_staffing!C12 | D14: =excel_staffing!E12 | E14: =excel_staffing!I12 | F14: =excel_staffing!O12
A15: =excel_staffing!A13 | B15: =excel_staffing!B13 | C15: =excel_staffing!C13 | D15: =excel_staffing!E13 | E15: =excel_staffing!I13 | F15: =excel_staffing!O13
... A33: =excel_staffing!A31 | B33: =excel_staffing!B31 | C33: =excel_staffing!C31 | D33: =excel_staffing!E31 | E33: =excel_staffing!I31 | F33: =excel_staffing!O31

Sheet Throughput Analysis
A1: Throughput & Statistical Analysis Summary
A3: TEST 2 — ANOVA: Throughput by Shift Type
A4: Shift Type | B4: Mean Units Scanned | C4: vs Morning Difference | D4: Significant?
A5: Morning | B5: 806.3 | C5: - | D5: Baseline
A6: Afternoon | B6: 617.8 | C6: -188.5 | D6: YES (p=0.000)
A7: Night | B7: 427.6 | C7: -378.7 | D7: YES (p=0.000)
A8: Grand Mean | B8: 617.2 | C8: | D8:
A10: F-Statistic | B10: 89.93
A11: p-value | B11: < 2.2e-16
A12: Eta-squared | B12: 0.489
A13: Interpretation | B13: Large effect — Morning outperforms Night by 378 units
A15: TEST 4 — Regression: Predicting Disruption Cost Impact
A16: Predictor | B16: Coefficient | C16: p-value | D16: Significant?
A17: Duration Hours | B17: 2285.7 | C17: < 2e-16 | D17: YES (***)
A18: Staffing Gap | B18: -167.4 | C18: 0.4394 | D18: NO
A19: Understaffed | B19: 1744.3 | C19: 0.0761 | D19: Marginal
A20: R-squared | B20: 0.6799
A21: Adj R-squared | B21: 0.6724
A22: Key Insight | B22: Every extra hour of disruption costs +$2,286

Sheet Risk & Disruptions
A1: Dock Door Utilization & Wait Time Analysis
A3: Dock Door | B3: Total Events | C3: Avg Wait Time (mins) | D3: Max Wait Time (mins) | E3: Busiest Day | F3: Status
A4: D01 | B4: 2840 | C4: 32.1 | D4: 90 | E4: Tuesday | F4: Normal
A5: D02 | B5: 1335 | C5: 31.9 | D5: 90 | E5: Monday | F5: Low Usage
A6: D03 | B6: 1718 | C6: 31.7 | D6: 90 | E6: Thursday | F6: Low Usage
A7: D04 | B7: 19142 | C7: 31.5 | D7: 90 | E7: Thursday | F7: ⚠️ High Load
A8: D05 | B8: 423 | C8: 32.6 | D8: 90 | E8: Saturday | F8: Low Usage
A9: D06 | B9: 2825 | C9: 32.1 | D9: 90 | E9: Tuesday | F9: Normal
A10: D07 | B10: 37162 | C10: 31.4 | D10: 90 | E10: Sunday | F10: ⚠️ High Load
A11: D08 | B11: 35562 | C11: 31.6 | D11: 90 | E11: Monday | F11: ⚠️ High Load
A12: D09 | B12: 12800 | C12: 31.9 | D12: 90 | E12: Sunday | F12: Normal
A13: D10 | B13: 1119 | C13: 32.1 | D13: 90 | E13: Tuesday | F13: Low Usage
A14: D11 | B14: 33537 | C14: 31.3 | D14: 90 | E14: Friday | F14: ⚠️ High Load
A15: D12 | B15: 24302 | C15: 31.4 | D15: 90 | E15: Sunday | F15: Normal
